,incremental_grounding,martin,pierre
0,3.334152222,9.22337E+18,31.32030034
1,4.404392481,9.22337E+18,27.64648843
2,3.92147398,9.22337E+18,23.11427712
3,3.377858162,9.22337E+18,77.87137151
4,3.363413334,9.22337E+18,33.55321503
5,3.201170683,9.22337E+18,28.12150884
6,3.629139423,9.22337E+18,1194.126551
7,3.766328812,9.22337E+18,31.75860476
8,3.797446966,9.22337E+18,63.5910356
9,3.544140339,9.22337E+18,38.14113998
MEAN,3.63395164,9.22337E+18,154.9244493
