,incremental_grounding,martin,pierre
0,1.5275492668151855,48.646437644958496,7.264273166656494
