,incremental_grounding,martin,pierre
0,1.2033517360687256,38.16891074180603,4.716367244720459
