,incremental_grounding,pierre
0,1.8089613914489746,4.003376007080078
