,martin-simple-inc,martin-standard,pierre-standard,pierre-incremental,martin-simple-std,martin-incremental
0,0.7103128433227539,0.625352144241333,0.6299464702606201,0.7587869167327881,0.6462843418121338,0.7010684013366699
