,martin-simple-inc,martin-standard,pierre-incremental,martin-simple-std,martin-incremental,pierre-standard
0,0.5927069187164307,0.4866907596588135,0.5645155906677246,0.494051456451416,0.5247447490692139,0.5042266845703125
