,incremental_grounding,pierre
0,6.9747748374938965,377.8398976325989
1,7.990633487701416,26.80835485458374
2,7.2285380363464355,331.52331256866455
3,6.924750089645386,431.0380847454071
4,7.916275262832642,48.66713786125183
5,6.317989110946655,664.8304371833801
6,6.373103141784668,65.19918942451477
7,5.283563852310181,63.801642656326294
8,6.678885459899902,138.84426927566528
9,6.667839050292969,15.285568714141846
