,incremental_grounding,pierre
0,5.289659261703491,297.62244486808777
1,5.037199974060059,189.81728386878967
2,4.804242849349976,28.766520977020264
3,4.758954763412476,305.31920528411865
4,5.465973138809204,236.46076226234436
5,5.205077886581421,74.53808212280273
6,5.843315362930298,724.710480928421
7,5.6347267627716064,277.82884645462036
8,5.432129144668579,150.23231077194214
9,4.467440366744995,118.5252799987793
