,incremental_grounding,pierre
0,5.194224834442139,285.25010776519775
1,5.534502744674683,29.71725583076477
2,6.154079437255859,468.48954153060913
3,5.771828651428223,41.82543706893921
4,5.678195238113403,206.88772797584534
5,6.205242395401001,275.39892387390137
6,5.268465518951416,18.716708660125732
7,5.688226222991943,167.07499837875366
8,5.276806592941284,222.2821409702301
9,5.849297046661377,243.92878127098083
