,incremental_grounding,pierre
0,12.055786371231079,90.2817394733429
1,11.023212432861328,476.1836040019989
2,12.5213303565979,302.1147680282593
3,11.88109803199768,395.0738453865051
4,12.342033863067627,505.93924832344055
5,11.829869985580444,343.98044872283936
6,13.487176418304443,602.0072951316833
7,12.227147579193115,75.39203667640686
8,11.79234528541565,104.47158813476562
9,11.633977890014648,824.7396655082703
