,martin,pierre
0,5.616752862930298,1.749244213104248
1,6.163495302200317,1.8275365829467773
2,5.5063700675964355,1.713235855102539
3,6.715381622314453,2.1089038848876953
4,8.669978380203247,2.908777952194214
5,6.451700687408447,2.249483346939087
6,6.232983350753784,3.7179529666900635
7,8.076326131820679,5.873685121536255
8,6.061110258102417,4.1902852058410645
9,6.905240535736084,1.8883581161499023
