,incremental_grounding,pierre
0,16.75913715362549,348.10559034347534
1,14.888866424560547,669.827091217041
2,17.063495874404907,109.91626644134521
3,17.236058473587036,97.70851039886475
4,13.419673681259155,450.5292580127716
5,16.10984754562378,95.34592962265015
6,12.714391708374023,89.70026135444641
7,13.668629884719849,235.70616340637207
8,16.594040393829346,43.22343850135803
9,13.535390615463257,53.058650970458984
