,martin,pierre
0,0.031244516372680664,0.01562190055847168
1,0.015621423721313477,0.03124213218688965
2,0.03124260902404785,0.031245946884155273
