,martin,pierre
0,1.594167709350586,0.4858534336090088
