,martin,pierre
0,1.608093500137329,0.5118634700775146
1,1.5900158882141113,0.4900074005126953
2,1.739858865737915,0.5902740955352783
3,1.6349728107452393,0.5415549278259277
4,1.5099897384643555,0.7298417091369629
5,1.379875898361206,0.5712580680847168
6,1.1700403690338135,0.41980791091918945
7,1.5097715854644775,0.6400318145751953
8,2.519993543624878,0.6599085330963135
9,1.3221704959869385,0.45998620986938477
