,single,weight,incremental,incremental_one_hour,parallel
0,3612.888320684433,410.50299406051636,1167.3201496601105,3644.6731181144714,834.2371485233307
