,martin,pierre
0,5.8597517013549805,5.421260833740234
