,martin,pierre
0,7.265393257141113,5.667155027389526
