,single,incremental
0,3606.3358986377716,629.2857208251953
1,3605.212261199951,498.3134458065033
2,3606.0594260692596,743.0297040939331
3,3605.443836212158,736.900515794754
4,3603.7575969696045,490.9821107387543
5,3604.5585005283356,645.3751339912415
6,3603.189744234085,389.5710837841034
7,3604.8736531734467,716.9286262989044
8,3604.2606563568115,451.81116485595703
9,3604.1172609329224,577.8340623378754
