,single,incremental
0,3604.5225446224213,372.234580039978
1,3603.677539587021,412.00111961364746
2,3605.0717062950134,400.4300186634064
3,3605.5728068351746,592.6202747821808
4,3606.178489923477,486.0934898853302
5,3606.106269836426,899.1141176223755
6,3604.5350666046143,545.1831433773041
7,3605.4532029628754,597.4433662891388
8,3604.440985441208,544.5637578964233
9,3603.5106699466705,351.5841341018677
