,incremental_grounding,martin,pierre
0,2.1904168128967285,69.81127858161926,20.55372190475464
