,incremental_grounding,martin,pierre
0,1.8872218132019043,70.39190793037415,179.80246663093567
