,incremental_grounding,martin,pierre
0,1.5210349559783936,54.52838945388794,3.643676519393921
1,1.603633165359497,60.140443325042725,4.497284412384033
2,1.5932643413543701,62.52837562561035,4.13346004486084
3,1.4630229473114014,54.0609405040741,3.6867423057556152
4,1.5010511875152588,52.36174011230469,3.7491681575775146
