,incremental_grounding,martin,pierre
0,1.4821772575378418,41.95435309410095,2.9473865032196045
1,1.7474112510681152,68.43484497070312,4.682985544204712
2,1.578881025314331,57.66307997703552,3.6963322162628174
3,1.6008784770965576,45.13026237487793,3.4813311100006104
4,1.5636513233184814,58.794798612594604,4.073053598403931
