,incremental_grounding,martin,pierre
0,1.6057755947113037,57.76599478721619,431.3480088710785
